fail_id,settlement_id,trade_id,fail_reference,fail_category,fail_reason,failing_party,fail_quantity,fail_value,fail_start_date,fail_age_days,fail_status,resolution_method,resolution_date,buy_in_date,regulatory_threshold_breach,notification_sent,created_at
98207e05-f664-406c-82a8-c638600c4185,52e0f149-3fae-4cec-a34f-10b2065b315d,8c572008-b935-4f20-a8bd-8fe1b468d61e,FAIL54995235,insufficient_securities,Securities pledged or encumbered,seller,150751,46414186.76,2024-02-08,1,resolved,Trade cancelled by mutual agreement,2024-02-09,,False,True,2024-02-08T18:44:00
2800530e-a53f-4e3f-95be-e23b0a62b05f,1ef39b5b-1e59-43eb-8d9f-8a24893b54cd,4044cab5-5c38-4f70-bbde-e7d06e3f5390,FAIL22828052,custody,Securities in wrong custodian account,seller,740,100692.34,2024-12-31,13,active,,,,False,True,2024-12-31T09:18:00
6e4df1d5-b556-4754-9f41-b266f0567279,88ac4654-99cb-4780-9d79-487bc3b42a37,bec25720-7395-43dd-9427-d5045ccabd6d,FAIL44372429,operational,System outage during settlement window,seller,35,5775.03,2024-02-15,0,active,,,,False,True,2024-02-15T13:47:00
b732a907-80ae-4419-9a34-5b0b2a2a943a,684adc92-6db6-49d2-8ec2-45e67c3ca214,d2a8f684-e377-4be4-8b50-6c8dca39823d,FAIL37622902,cash_shortfall,Credit limit exceeded,seller,179,4827.16,2024-04-17,3,resolved,Manual intervention and correction,2024-04-20,,False,True,2024-04-17T16:09:00
da4f76f9-18e5-4322-ad37-ece1ce443895,7d843c29-6af8-4706-b722-902d8d23ade8,845cc87b-8d30-48df-8ab7-883de611c72b,FAIL88800061,insufficient_securities,Securities pledged or encumbered,seller,111,3477.91,2024-01-10,0,resolved,Manual intervention and correction,2024-01-10,,False,True,2024-01-10T10:11:00
381b87bc-a1d1-448c-b28b-8d49b65a26da,c08480ba-21c2-425b-8fce-7a789abd1095,1bb2798b-ba72-4a94-b291-aa65e83c30f1,FAIL99020563,operational,System outage during settlement window,seller,98,50522.34,2024-03-05,0,active,,,,False,True,2024-03-05T17:48:00
628f2317-0647-4812-bbcf-fe91f21721a9,090e7023-7d9a-4363-9f72-dd81a130cf8f,844b45d1-9c3f-42df-8ca0-d7b0a09858b0,FAIL51170924,insufficient_securities,Seller does not have securities in custody,buyer,128,20553.64,2024-06-10,1,active,,,,False,True,2024-06-10T11:14:00
27cebf74-5c87-44b0-b344-76648d3b7c13,01bb41c7-6f84-4b53-9e8d-557fa10dd878,edba53be-348e-4929-8489-b3e66bd3e656,FAIL79393672,cash_shortfall,Credit limit exceeded,buyer,353,11341.58,2024-02-06,1,active,,,,False,True,2024-02-06T14:07:00
541055cc-3e48-4179-a4b0-c8f79785b134,fb4492b3-4811-4f09-a202-abca0389b1b7,af258df4-672d-4dc0-ba1f-0309ec5ee928,FAIL48024987,operational,Incorrect settlement instructions,buyer,103,29742.1,2024-09-20,2,resolved,Trade cancelled by mutual agreement,2024-09-22,,False,True,2024-09-20T13:08:00
69b7b0ef-4f92-4a0f-a733-25ef4a6a3f2d,e5cb4cfb-567d-4889-9a96-e82a62bd00cd,e7aa4d0c-991a-472d-a839-a664b0eb4f6a,FAIL91793881,insufficient_securities,Securities pledged or encumbered,seller,104,23820.57,2024-06-20,2,resolved,Instruction corrected and resubmitted,2024-06-22,,False,True,2024-06-20T15:27:00
cbde22f5-4e96-4863-b81e-6e6b014a4ba8,ea4be0c9-a735-49cf-a325-82a25726659b,bf7b5270-7a3b-4916-b7d0-668d0a4eaced,FAIL33336119,operational,Incorrect settlement instructions,buyer,40,9331.29,2024-04-22,3,active,,,,False,True,2024-04-22T08:46:00
5bfa0291-3178-490c-9656-e3ae685b59a6,f3c9e33e-d62c-47cb-ace2-f22608a5ef2e,ca801867-e50a-46ac-b723-04a1f603e40d,FAIL47141791,operational,Missing or invalid SSI data,buyer,196019,5512837.87,2024-11-01,9,resolved,Manual intervention and correction,2024-11-10,,False,True,2024-11-01T18:36:00
73754e74-46d5-4ec6-938f-d9e53b750539,ff1682a8-5660-4a22-b1a7-00474f85e176,8bd62203-f479-45c6-9f9b-ac6565a3d40a,FAIL64326753,cash_shortfall,Payment system unavailable,buyer,691,116936.63,2024-06-10,3,resolved,Custody transfer completed,2024-06-13,,False,True,2024-06-10T09:21:00
155b1958-5d89-46e5-a150-b74afb0aaf57,7bc23911-9c8b-492d-86f2-b7fc544d0036,b8347443-fe02-404f-97f2-be54a086cad9,FAIL45904728,operational,Manual intervention required,intermediary,365,11760.51,2024-02-16,2,resolved,Cash settled by buyer,2024-02-18,,False,True,2024-02-16T15:48:00
d9dbe3a9-1a8e-4ea5-ba52-62c887dc1cd3,e26cd04e-f02e-4dec-b839-76675b4b3ffb,cef1c22a-db84-45d0-8497-51970c9eb2c3,FAIL65900222,custody,Custody transfer pending,seller,344595,131895414.84,2024-03-01,0,resolved,Trade cancelled by mutual agreement,2024-03-01,,False,True,2024-03-01T12:06:00
badf3130-8ca8-4731-803d-6fadeba2a602,2f82309d-32df-40be-8836-1254d1574d9c,8cb2a359-f225-4064-8f39-f37b4abe3b89,FAIL31374704,insufficient_securities,Corporate action pending on securities,seller,204521,54523256.93,2024-08-19,3,resolved,Custody transfer completed,2024-08-22,,False,True,2024-08-19T12:56:00
5d3c22ad-62c0-4037-8490-1d6a18da6c5e,df2df25f-4197-4f31-8623-ee296df5ec52,be662164-9916-46a8-ba51-94326871c139,FAIL99512937,cash_shortfall,Payment system unavailable,seller,739,210060.18,2024-07-12,17,resolved,Custody transfer completed,2024-07-29,,False,True,2024-07-12T11:21:00
7a63bd13-2b92-4b6a-b370-16aab8b1f860,230ede82-0e0f-4c51-b28c-dc01bdfa079d,ae99ff19-5695-465f-b650-430b3f614692,FAIL27083475,insufficient_securities,Account restrictions preventing delivery,seller,503,1578906.47,2024-05-23,9,buy_in_initiated,Buy-in executed in market,2024-06-01,,False,True,2024-05-23T18:56:00
0e1d5e2a-ca10-4283-aa0b-1e3402b3d1ed,84d11f36-0b55-4406-bbd8-c6a7763a9f95,a527cb2b-e21d-4c4b-be0f-298b5a3f37ff,FAIL62111008,operational,Matching failed between counterparties,intermediary,28,4728.08,2024-05-09,5,active,,,,False,True,2024-05-09T15:59:00
169c1995-3ae8-4b50-9e70-265d60c3509e,c6bea9e9-0742-4082-854e-256141e988a5,7c14b801-f878-407a-8a8d-c26dd98224e5,FAIL96027340,cash_shortfall,Payment system unavailable,buyer,136,49490.98,2024-07-12,3,active,,,,False,True,2024-07-12T15:55:00
13adb700-0091-472b-b558-5c9d2238acd0,de613e50-0cfe-4693-8bce-9999b2614b78,b2ca294b-462e-4ca9-90aa-ae9baa21b141,FAIL53484070,cash_shortfall,Bank account frozen or restricted,seller,313,77936.58,2024-05-29,56,closed_out,Forced close-out by clearinghouse,2024-07-24,2024-06-19,False,True,2024-05-29T12:13:00
1e44b9a9-5c3a-4160-bacc-997889b9d433,8dadbbf2-0662-402e-82f6-60a4f6a8d4f8,c8ad4728-8e35-47ea-8da0-aa4cfd1bcf28,FAIL87544447,custody,Account closure in progress,seller,921,251424.92,2024-12-10,3,active,,,,False,True,2024-12-10T08:26:00
989786c8-6518-4e46-a4d8-45abc5c6caa2,6bcf8355-ce92-41cd-9858-869938e783f5,06cff74b-11ab-44e5-965e-137c1b74f6cf,FAIL92666190,operational,Manual intervention required,seller,953,348245.55,2024-04-02,3,resolved,Manual intervention and correction,2024-04-05,,False,True,2024-04-02T17:48:00
9676ce4d-3a01-4860-9aad-c0376542d617,5947a2ba-caaa-4ce2-a87e-4a0f221dece6,ae9e5c48-662d-4f19-8994-047ae35934d9,FAIL40145757,custody,Custodian system issue,seller,708,4331411.7,2024-03-01,0,active,,,,False,True,2024-03-01T18:32:00
eb264232-997c-4c04-bd28-a19243fcd02b,74785dca-0031-468f-aaee-53d73cc5bb24,300fdb62-f6be-46e4-a9ff-8900d0d187f2,FAIL21862766,insufficient_securities,Securities in transfer between accounts,buyer,414,69744.34,2024-03-25,19,resolved,Forced close-out by clearinghouse,2024-04-13,,False,True,2024-03-25T08:15:00
8760b645-4c5a-468e-b77d-f31926a34211,b7e79231-29ff-4e8b-a955-da375549fd8a,f4b098b8-b889-467d-8daf-4527cedf3ee9,FAIL32286339,insufficient_securities,Securities pledged or encumbered,seller,538,1268476.9,2024-06-27,3,active,,,,False,True,2024-06-27T08:06:00
6ab8c5ac-4d5a-4c06-bf8a-107fb90b58f0,b613a82c-4a3c-49e5-9fc9-2dfe5d5ce961,bdcf03d2-0c5f-417e-8ef3-00480ba2ab16,FAIL84615922,insufficient_securities,Account restrictions preventing delivery,buyer,620,19210.95,2024-07-18,3,resolved,Securities delivered by seller,2024-07-21,,False,True,2024-07-18T10:24:00
5bec8a9b-89a5-4fcc-a0fc-468e7881865e,eb5a2910-1230-4a96-92a3-64a7cd236906,fcee2564-c610-4910-9bcb-488290a1a9c3,FAIL36368322,operational,Matching failed between counterparties,buyer,408,2505656.92,2024-02-20,0,resolved,Trade cancelled by mutual agreement,2024-02-20,,False,True,2024-02-20T17:49:00
03314b54-b8c1-4096-a0cd-5bdb75d425ad,5dbb9645-10ad-48e3-825c-752ff136679e,4fea333e-affa-4f05-9dc1-24893f833a56,FAIL87598331,insufficient_securities,Securities in transfer between accounts,seller,102593,2750682.55,2024-11-20,2,resolved,Buy-in executed in market,2024-11-22,,False,True,2024-11-20T18:10:00
de44f95c-cc9e-44fd-abee-09d477268250,d0773b86-bd7f-44ce-a1cf-f18bab8580ba,15bc2d8f-ec84-4cb6-83bb-835f38dd5743,FAIL35669800,insufficient_securities,Corporate action pending on securities,buyer,342,320504.26,2024-08-20,3,active,,,,False,True,2024-08-20T17:06:00
d3049c11-8d83-47c5-aa93-782a91617e3e,5f4930c5-39eb-4d87-b771-b590171e7cd8,941dec0e-3cb9-400e-be7d-aac73a553b9f,FAIL11523124,cash_shortfall,Currency conversion failed,buyer,149,72686.92,2024-11-13,20,resolved,Instruction corrected and resubmitted,2024-12-03,,False,True,2024-11-13T11:25:00
ab0e4312-68c7-4f78-884e-6f142d1fb86f,ecc07067-c1c2-42dd-a464-80be62b5ffc1,c41435e2-b419-4adb-b4b6-b47f2d62afb4,FAIL96171959,operational,Missing or invalid SSI data,seller,799,228197.13,2024-01-19,9,active,,,,False,True,2024-01-19T14:44:00
750d9040-d50e-4ed3-9996-dd94a2bb6801,cd84df3f-1acb-4d7b-a5cc-335e37b5a5f9,ea321f70-0ad3-49d8-bde0-75ff82778558,FAIL65256621,custody,Account closure in progress,seller,818,322109.06,2024-10-25,3,resolved,Securities delivered by seller,2024-10-28,,False,True,2024-10-25T18:56:00
a2f12c02-55fe-4ea5-a2d7-ae62fa123441,58a4be1d-1f56-48f7-bc15-0214ab1d3475,3ac94d4a-a853-487f-ad88-6b369feb0fbf,FAIL62295174,cash_shortfall,Credit limit exceeded,buyer,334,138523.94,2024-06-27,0,active,,,,False,True,2024-06-27T09:10:00
882ccb72-86a1-4436-8b9b-cb325591970e,1d9b83a6-a164-4bb9-b12a-1cae8497cbbe,ff62371f-26b0-420d-93c3-2c7e20865c7f,FAIL86193589,insufficient_securities,Account restrictions preventing delivery,seller,489,184700.98,2024-08-01,3,resolved,Manual intervention and correction,2024-08-04,,False,True,2024-08-01T17:17:00
57d6cd58-ceb6-40f2-b0cc-bc98f7aeea8d,003d77a7-8c7a-4726-a726-c587077c7361,77438f1f-d9eb-4f83-a7af-eeda78766890,FAIL46493377,operational,System outage during settlement window,seller,378,364433.16,2024-07-24,1,active,,,,False,True,2024-07-24T11:30:00
2da9adf8-2b9b-433d-9e2e-c887087aa085,70a34049-ed76-4fc3-b0a6-950dbdb095b6,f8abbc9b-6057-4491-9443-672815248267,FAIL46726260,custody,Beneficiary account invalid,seller,16,1845.66,2024-06-11,5,buy_in_initiated,Buy-in executed in market,2024-06-16,,False,True,2024-06-11T16:50:00
43ab8a64-2837-49af-b3f8-13e1ec0a0e80,20fff1cb-3608-435e-874d-efec70a147f3,da478359-d2ef-4da9-a0a9-e421b5da428b,FAIL21893154,insufficient_securities,Seller does not have securities in custody,seller,465476,13000042.72,2024-06-26,8,resolved,Instruction corrected and resubmitted,2024-07-04,,False,True,2024-06-26T08:04:00
83087020-a6f2-4ff8-8975-2cb94632e25c,5949c97c-d775-47fa-a414-a1bac32d045b,c29f18ba-e874-4c08-8e7c-541c15446aaf,FAIL23922336,custody,Beneficiary account invalid,seller,250460,123192599.29,2024-01-04,2,resolved,Cash settled by buyer,2024-01-06,,False,True,2024-01-04T14:00:00
eb4497cb-1ee6-4c76-abdf-edbc052f3daa,14f6c0e0-e3a2-4ccf-87dd-4f6781b36d58,c812eba0-7c29-4ed7-a77c-27df88416be1,FAIL51815603,other,Market suspension,seller,462,85976.76,2024-10-09,0,resolved,Securities delivered by seller,2024-10-09,,False,True,2024-10-09T18:57:00
d760c9f9-d180-4431-baac-1e6e08002a38,542bd159-34e4-4460-ad33-9a0962aea721,96132a8c-b6ab-47bf-8c06-27c28f91a783,FAIL64250582,custody,Securities in wrong custodian account,buyer,103453,14084746.67,2024-12-05,3,resolved,Cash settled by buyer,2024-12-08,,False,True,2024-12-05T16:02:00
f403fc65-6615-44d8-97b2-d72cdfed0b78,8fb674bd-95fb-42dd-87e6-0fed6331bb96,a7add2a7-b39f-43d2-970d-4ea7f0b7915e,FAIL26373743,operational,System outage during settlement window,intermediary,105,17621.31,2024-08-07,5,active,,,,False,True,2024-08-07T11:16:00
8b1530ef-036c-41c3-a9cd-f50ee687560a,e4be4965-a937-497a-bed6-fba851c090e5,4ddcbd6f-bd68-4357-8356-f5f95c9831e7,FAIL38122623,cash_shortfall,Payment system unavailable,seller,433,101816.83,2024-11-25,2,resolved,Securities delivered by seller,2024-11-27,,False,True,2024-11-25T13:12:00
3c791e6a-219f-4207-9d37-542ea251d585,63d59429-ffc2-4439-8f99-d746ed31ab85,6b426eac-417c-4a59-b3e6-09ffca2b4572,FAIL22907499,insufficient_securities,Seller does not have securities in custody,seller,183284,1108036280.44,2024-09-04,8,buy_in_initiated,Buy-in executed in market,2024-09-12,,True,True,2024-09-04T15:53:00
9d2e1438-b4e4-438e-ab43-2044c385cf85,538d4a5c-e052-456e-9c6c-a01fe1768a81,2bfcf468-8650-4226-baf4-86fa654729c0,FAIL53476543,custody,Custodian system issue,buyer,601,1464878.55,2024-04-19,17,active,,,,False,True,2024-04-19T15:06:00
00d8d0f6-afcd-48cb-9ed3-117f04e7eddf,d528e022-2818-4fcf-b0fc-532e59902766,58c3c651-6c11-4c49-a516-c166f7c70fe3,FAIL88244475,custody,Securities in wrong custodian account,seller,745,241024.38,2024-02-16,1,resolved,Cash settled by buyer,2024-02-17,,False,True,2024-02-16T18:19:00
5d403a75-7fdb-40c3-9508-175c262a1fcb,d12a5068-bf05-461c-907b-635fdd56a56c,67a6d9bb-c1cf-4e3c-b15b-5e7b07cac1fc,FAIL31685822,custody,Securities in wrong custodian account,intermediary,388,104471.46,2024-12-27,3,resolved,Securities delivered by seller,2024-12-30,,False,True,2024-12-27T16:35:00
2be8b2cf-3841-4d45-bc9e-1ee1383d542f,42579be8-5450-4b5d-a22e-c627a1ee10e5,6bf1fcea-4fc4-4418-880d-19e88d0a62d4,FAIL52562292,operational,System outage during settlement window,buyer,710,102801.28,2024-06-25,3,resolved,Instruction corrected and resubmitted,2024-06-28,,False,True,2024-06-25T10:58:00
b410e107-43d3-4c91-a233-506196abbc56,486f335c-91cd-4ad8-9b72-520d2726aaa7,ef137273-b37d-4b80-acd8-059b06c943dc,FAIL68537694,cash_shortfall,Buyer insufficient funds in settlement account,seller,371,3326442.47,2024-05-30,8,active,,,,False,True,2024-05-30T15:54:00
d8229271-cdad-4f98-84fb-b5013acbd203,28d89f20-ee5b-45df-b3db-2e3e45fdc600,397e3ac9-3e71-4bb5-931d-d85f68d44518,FAIL19629799,cash_shortfall,Bank account frozen or restricted,buyer,305,71911.11,2024-12-16,3,active,,,,False,True,2024-12-16T11:35:00
9ca7514b-4170-43b8-a313-72312bdcf858,9b809ca6-668a-4b17-a017-d308cfdd58c3,367abe07-0b76-405e-af32-5f0512e61b38,FAIL98264438,operational,System outage during settlement window,buyer,722,179804.19,2024-12-05,6,resolved,Cash settled by buyer,2024-12-11,,False,True,2024-12-05T14:07:00
a397d461-0910-4095-9bdc-4dee61d8c9e7,e73ad84e-4bc1-43ce-bc56-0d8a365e604b,65963237-c1a4-4d29-a94c-a0899f004209,FAIL16427033,operational,Missing or invalid SSI data,buyer,563,4797171.62,2024-12-20,4,active,,,,False,True,2024-12-20T09:45:00
38ce05d2-59b7-4a94-aea3-bea3152a9fd5,436f51d0-ce8d-4d91-bd8b-7da296e556b1,4228f0d0-91e8-48d7-9cc2-644e1bbb7ad0,FAIL98837319,insufficient_securities,Corporate action pending on securities,seller,821,262694.12,2024-10-01,0,resolved,Trade cancelled by mutual agreement,2024-10-01,,False,True,2024-10-01T10:24:00
dcfa286e-c7ee-476f-b54a-5358e1cda026,fcbfcbf6-cf2c-40e0-aa52-0c555fab480b,f4a95394-ee53-409d-bc9f-3b6eb162ebdc,FAIL53375811,insufficient_securities,Account restrictions preventing delivery,seller,74,30064.08,2024-12-16,2,active,,,,False,True,2024-12-16T10:48:00
75cb5a2b-a9c7-4570-ba36-b6487c43e34b,4c763657-cbd6-4bc1-93bb-c888d55b6eab,e2ace29f-d098-4cb9-943c-0d000e1da404,FAIL75304816,operational,Cut-off time missed,seller,431,152025.09,2024-12-23,1,resolved,Instruction corrected and resubmitted,2024-12-24,,False,True,2024-12-23T09:59:00
715ca508-25c2-46e8-8885-8e74506b97cb,6fc40a3f-4d52-44e6-98f0-0de127f19c41,b0d166b0-162f-4a71-bd77-dade9fbc7f9a,FAIL67165857,operational,Matching failed between counterparties,seller,438,58286.93,2024-03-04,6,resolved,Custody transfer completed,2024-03-10,,False,True,2024-03-04T14:38:00
50cabaf6-5b2b-4566-8b99-be34983afdd0,be34b0f9-7356-4970-bb9d-d706b1d20d52,6ca474b7-0d6d-4869-b165-8378aff3267d,FAIL14110486,insufficient_securities,Account restrictions preventing delivery,seller,293,716404.27,2024-12-18,59,resolved,Securities delivered by seller,2025-02-15,,False,True,2024-12-18T13:06:00
3f789623-7979-48b4-bdbd-e10908beab1b,3cd3d69d-2ad4-490b-8d1d-f733efcd7f95,6ed6cb60-8504-4b6d-b83d-ce0daef945b0,FAIL37945099,cash_shortfall,Payment system unavailable,seller,462040,9168643.67,2024-05-23,2,resolved,Trade cancelled by mutual agreement,2024-05-25,,False,True,2024-05-23T13:23:00
9c6a5da4-dcd5-4823-8ebe-3ebe2c3318ff,9e465a27-c18c-45f1-8153-c2e0bf165991,527563c6-5ca3-417d-ba2c-23951ced159d,FAIL71160970,operational,Missing or invalid SSI data,intermediary,500,141944.0,2024-02-21,13,resolved,Cash settled by buyer,2024-03-05,,False,True,2024-02-21T10:24:00
680aa23d-341a-4219-9c81-d862f1014d23,e6cae38e-e382-4771-9be0-14d827b9c6a3,d3abbc93-d9a1-40fc-b035-a9e2572f8c6c,FAIL11073065,cash_shortfall,Payment system unavailable,buyer,645,630647.75,2024-01-31,0,active,,,,False,True,2024-01-31T15:01:00
f2898fb4-277c-4b42-90f0-4c3c0a004c40,35599427-3597-4fe6-b68d-c47b23e89cce,e83be005-8af2-4abd-9bbb-de9452b9fb03,FAIL39861067,operational,System outage during settlement window,buyer,674,174056.18,2024-10-25,38,active,,,,False,True,2024-10-25T08:52:00
22e4e82e-6875-41c4-bafd-4f2ab10ed950,e3545c12-23ee-47cc-8135-a8ab180b083f,f13e0c11-ab47-448f-988f-162676c1c886,FAIL78712941,insufficient_securities,Securities in transfer between accounts,seller,32,3963.78,2024-09-24,15,active,,,,False,True,2024-09-24T15:49:00
df732c9e-3cde-42b8-941d-0a9b022cd368,03b2907e-d2f5-46ec-bfa4-9fc1bf40f669,b3755505-1fd5-444f-8447-a1c789f0d3cf,FAIL82678279,operational,System outage during settlement window,buyer,196,1182581.0,2024-12-24,10,active,,,,False,True,2024-12-24T17:03:00
c679b10d-89ef-4769-8209-c63345a53569,55e6a7cd-d833-4685-a3f4-987db2de9329,7a1f4e90-ea6a-4c0c-ada4-c9a5d27d9b28,FAIL35793154,operational,System outage during settlement window,seller,66,28123.64,2024-09-27,0,resolved,Buy-in executed in market,2024-09-27,,False,True,2024-09-27T16:46:00
572ee0bc-9342-4bb3-bd52-666f7d8176da,ec0f47a4-08fe-4bf8-8b37-35bdd2f9e426,1a5b53dc-f1b1-4faf-a919-aa514aec7266,FAIL29169679,insufficient_securities,Corporate action pending on securities,buyer,405,182120.55,2024-07-01,13,active,,,,False,True,2024-07-01T16:09:00
8f01323d-6cf8-4043-8a93-27ddf39f405a,bf84cd0e-dc6f-4515-bd51-0e268477af4d,011696e7-e932-40f4-8473-6d07fb814e55,FAIL53854589,insufficient_securities,Account restrictions preventing delivery,buyer,903,2828073.91,2024-06-05,0,resolved,Forced close-out by clearinghouse,2024-06-05,,False,True,2024-06-05T10:33:00
d6486912-150a-4f4e-b04d-bf4e34effc7b,12dc5ffa-ab0e-4f90-a870-b4798d8ff62c,2518e8a6-3345-45f5-820d-7de6047e434c,FAIL46630640,insufficient_securities,Account restrictions preventing delivery,seller,90,28153.61,2024-02-28,2,active,,,,False,True,2024-02-28T09:02:00
0955982c-4f31-49a9-9767-430695568d09,cb20da5a-3280-4a24-be2b-f36aee479a7b,b22f1152-47e1-425a-9626-407df7da4ca1,FAIL23660659,operational,Matching failed between counterparties,buyer,385291,61324471.67,2024-10-04,4,active,,,,False,True,2024-10-04T09:59:00
7e2e1714-9c7c-42ab-87d0-e91775d78212,d01ba1b9-659e-4b8d-b861-85e58a424689,32be18b8-b172-4e0f-aaf0-1b808e24cd75,FAIL52773098,insufficient_securities,Seller does not have securities in custody,seller,76,34654.75,2024-04-15,10,active,,,,False,True,2024-04-15T15:59:00
677402e8-77b8-4173-941b-1b2aa81363b3,7c282f73-2d83-4c55-891b-950fa065f367,cdae86eb-6b5c-42ff-9bb0-48254273c1bb,FAIL48824934,insufficient_securities,Account restrictions preventing delivery,seller,796,6944298.49,2024-09-13,0,resolved,Trade cancelled by mutual agreement,2024-09-13,,False,True,2024-09-13T09:40:00
5828cf4a-c614-4cb5-abc3-b479542dc224,426fbada-2ad6-4e7c-acf8-e13090d336f6,606f51da-08f4-4565-8cb2-dbdfdd0bf8e4,FAIL80355705,operational,Cut-off time missed,seller,216,34362.92,2024-05-15,0,resolved,Forced close-out by clearinghouse,2024-05-15,,False,True,2024-05-15T11:01:00
97f1448a-3108-46f2-ba2c-15157f07b4bd,f4f1fc0f-5f23-4959-b55c-da9e82577078,79b574bc-5ed9-43f7-8a63-5cd73367c9c5,FAIL50279000,insufficient_securities,Account restrictions preventing delivery,buyer,911,111495.29,2024-06-11,0,active,,,,False,True,2024-06-11T09:39:00
5d7cca9d-928e-4403-ae27-dcb28b75bc36,91625933-5d93-40ea-9ea6-735a91b360e7,a1d6f77c-2c53-47ca-9fc6-166f62164c95,FAIL78523330,insufficient_securities,Corporate action pending on securities,seller,513,83251.68,2024-07-19,0,resolved,Buy-in executed in market,2024-07-19,,False,True,2024-07-19T09:59:00
f50a15ff-483b-4d43-871c-18b738285929,7848699e-6cf2-48f3-bf5e-5cd53ea08dd9,f416ae11-9e98-4521-8158-220ceb723e67,FAIL94397189,operational,Missing or invalid SSI data,seller,109,17491.12,2024-07-31,3,active,,,,False,True,2024-07-31T10:35:00
5b03ace2-926d-4c3e-95ee-ed2d212bbdc8,684d0b38-781c-4a5b-a952-357de11e76cc,8d3837c3-74aa-49c8-b4c0-7bccb2f74507,FAIL13029672,insufficient_securities,Seller does not have securities in custody,seller,899,53765.75,2024-01-15,9,resolved,Manual intervention and correction,2024-01-24,,False,True,2024-01-15T14:14:00
b412a6cd-de41-42e0-8c96-7ce3dfb7987c,492ef28b-b0d1-46eb-8dfd-a01af4ff905d,793d935f-dff9-4dad-87b3-b72dbbe23061,FAIL72365495,operational,Manual intervention required,intermediary,600,59540.03,2024-08-29,0,resolved,Manual intervention and correction,2024-08-29,,False,True,2024-08-29T16:37:00
ac980da0-f656-4253-b45d-00b664210a18,73becf98-68e8-4525-9ec0-b9702685623e,d84f38a1-2f92-4d65-a850-feb96d11f581,FAIL42151962,operational,Cut-off time missed,buyer,575,91665.81,2024-12-26,3,active,,,,False,True,2024-12-26T14:38:00
1bd6d678-9e9c-4b60-be85-c9ac4b605bf4,c4a382f3-4ec3-4a3c-9ad2-c0b3e6c617c6,93f8d39c-797a-4cc6-b8e5-05831dca580b,FAIL56235405,cash_shortfall,Payment system unavailable,seller,977,310931.83,2024-01-12,8,active,,,,False,True,2024-01-12T15:50:00
157d3b18-2efe-4c01-8aa4-0b05d2028c03,a7fc3687-0d68-4b73-9738-4073fe0fb2a4,a4b397ea-cc79-4961-89fe-4c9af05e9f9c,FAIL35041333,insufficient_securities,Account restrictions preventing delivery,seller,39,18956.04,2024-11-13,0,resolved,Instruction corrected and resubmitted,2024-11-13,,False,True,2024-11-13T17:57:00
a7f57c5e-10ed-4f42-9713-f86c5fa35ab1,aec58471-63fc-47e8-ab7f-6d67ddfa405a,c4b15405-7c49-46ee-a6c7-fd7242e671ac,FAIL30565671,operational,Manual intervention required,seller,457,1015033.93,2024-03-08,0,resolved,Custody transfer completed,2024-03-08,,False,True,2024-03-08T16:38:00
2f834bda-5104-45e7-9ac2-0210e9cc9648,875a438f-cf5f-462d-a3cb-4fcacaa82597,0da2b64a-a2e7-43f2-83a0-98d26ad7cdeb,FAIL66422263,operational,Manual intervention required,buyer,174598,49025856.1,2024-12-10,0,active,,,,False,True,2024-12-10T15:15:00
e30e5da6-057b-405d-b980-d60a2e3210dc,65479e46-17cb-4f13-8f5d-a562089f8d8a,7632392e-2450-4d7c-abdf-daed7477463a,FAIL52727864,insufficient_securities,Corporate action pending on securities,seller,205,27936.34,2024-04-18,0,active,,,,False,True,2024-04-18T10:28:00
74b3e363-3f9d-4cdf-994a-f2e98616cd15,f216c07c-550a-4860-abcb-dda10a4209a7,5d924b0a-6d39-4346-afc6-942ec943d04a,FAIL84066316,cash_shortfall,Credit limit exceeded,seller,764,114408.0,2024-05-30,0,active,,,,False,True,2024-05-30T08:08:00
0ecb30ea-b43c-4924-976c-a5b196dd34c2,4e813c1d-477d-4c3e-a0b5-1ad0f466b7a5,2be1fb51-152f-4fd4-afb6-9ab2476f5dc6,FAIL92673451,insufficient_securities,Seller does not have securities in custody,seller,529,4528045.19,2024-11-06,1,resolved,Trade cancelled by mutual agreement,2024-11-07,,False,True,2024-11-06T17:10:00
cb13786a-46f5-41bf-962d-0b952ae1706f,70cc0176-840d-443c-bc55-ceffc4d4acad,d149ea36-ae65-41bd-87ee-ffc627b2081e,FAIL34206172,cash_shortfall,Bank account frozen or restricted,seller,229836,13745475.01,2024-10-14,2,resolved,Forced close-out by clearinghouse,2024-10-16,,False,True,2024-10-14T13:51:00
9b707f1d-719d-4cfb-91d3-fd96d87d891c,2d72d8c7-cfad-4cfd-8a96-b1fb45507377,497690d9-04b9-4d8f-b82b-561c50305d9a,FAIL33368501,custody,Securities in wrong custodian account,seller,357,156794.4,2024-10-25,5,resolved,Instruction corrected and resubmitted,2024-10-30,,False,True,2024-10-25T11:19:00
8ca2f02e-ead2-431a-823b-dd51c98bd602,8deed41c-beda-498b-a52e-1fc483e0f91c,ef77fb4a-facd-4bdf-a61f-2ece253af756,FAIL24845948,cash_shortfall,Buyer insufficient funds in settlement account,seller,316,283969.53,2024-12-12,3,resolved,Instruction corrected and resubmitted,2024-12-15,,False,True,2024-12-12T13:21:00
d7c1bb1f-29df-4fd9-9912-862cc5fdf749,5e35c31e-f4c4-4f36-a58e-93f845b136b1,f75fc7c1-a14b-4846-a09b-de9c6dde0fa7,FAIL71543645,insufficient_securities,Securities in transfer between accounts,buyer,229,53795.67,2024-09-27,6,resolved,Custody transfer completed,2024-10-03,,False,True,2024-09-27T12:54:00
4b5f6ca7-c76d-469e-a0dc-d62105ecfd2c,1fbc93c0-32c4-46a9-94a7-739c333514d0,39762b1d-44c3-4fdd-92c1-a4f60722ca3b,FAIL31763610,other,Regulatory hold on securities,seller,460,118444.69,2024-08-02,8,resolved,Securities delivered by seller,2024-08-10,,False,True,2024-08-02T12:10:00
a41c7677-c862-44b8-9aef-56f5457cd524,0cb0e6ec-0a4c-408b-baa3-bb2c2bb24aa5,c2b5252c-7e3a-41ef-bf3c-3769fcc81796,FAIL29380893,insufficient_securities,Seller does not have securities in custody,seller,790,6687605.0,2024-02-19,1,active,,,,False,True,2024-02-19T17:50:00
ac373983-1d3c-48a2-9f20-0276279d2835,3d2974e8-2ffe-4811-a5bd-d057eac49e94,4950d623-da0a-4513-80a7-69590bae97ce,FAIL53239383,insufficient_securities,Account restrictions preventing delivery,buyer,225,90909.83,2024-01-10,1,resolved,Cash settled by buyer,2024-01-11,,False,True,2024-01-10T18:34:00
82361c12-5eba-4caa-97e2-a2cd863bd7c9,c2c56bd7-6467-48c1-989f-53e0eec27d07,bd99104e-bff8-4456-a572-57d694226387,FAIL28766517,custody,Custody transfer pending,seller,249,1546118.49,2024-01-23,2,active,,,,False,True,2024-01-23T17:27:00
df7e6a6a-0c2f-4e92-9aa3-7e7c658eda0f,73553ec6-131d-454c-9308-d1cb08832a53,a09dcaaa-f809-4910-a0ae-a2ab1bd55688,FAIL75145653,insufficient_securities,Account restrictions preventing delivery,seller,612,91920.15,2024-10-22,7,active,,,,False,True,2024-10-22T12:10:00
76446efb-bc9e-4627-a340-06fb03c2c84b,4d4bb994-c854-48bf-8daa-c0f8fed7c3f8,f41ed8f0-677d-40ab-a9f6-df2bdf64919d,FAIL26001903,cash_shortfall,Credit limit exceeded,seller,707,346152.38,2024-08-07,0,resolved,Buy-in executed in market,2024-08-07,,False,True,2024-08-07T13:43:00
c32188c6-868d-4cac-abc5-27db9a8b0595,2b3c5131-c8e4-4277-842b-bc580017f5dc,96caf8a9-53b6-4824-ba37-7476ecaf2734,FAIL10664949,insufficient_securities,Securities pledged or encumbered,buyer,134,32187.69,2024-01-24,17,resolved,Forced close-out by clearinghouse,2024-02-10,,False,True,2024-01-24T14:14:00
e8206119-6867-4053-94a2-a46035cabc60,b7f50c44-7baf-45bd-acb6-65cb70424da7,5521f89e-7f58-4838-a70f-3552d1c07e71,FAIL88701173,other,Force majeure event,seller,411,372865.25,2024-04-30,28,closed_out,Forced close-out by clearinghouse,2024-05-28,2024-05-21,False,True,2024-04-30T10:32:00
f3d17bbe-999e-4ed7-b26d-4f985b15f088,8d85c0ac-aa56-48cc-888d-68b507afd08e,0e8fecd2-cc7f-484e-bc75-970f64541950,FAIL34823106,insufficient_securities,Account restrictions preventing delivery,buyer,602,242338.99,2024-01-19,10,active,,,,False,True,2024-01-19T10:02:00
12442e84-ad6c-4182-b290-bb52b771a723,a353a6eb-24d9-4b97-91e2-3ccb102de346,0f6ac4be-5c6e-40f7-b2fe-d2de6a8f214d,FAIL60153380,cash_shortfall,Currency conversion failed,buyer,953,339574.92,2024-10-02,1,resolved,Manual intervention and correction,2024-10-03,,False,True,2024-10-02T17:14:00
fb3b05fd-3f74-42c4-b038-097a57b0fe66,a13af9e7-a165-44ef-a865-a2f68a4e9e86,354eab89-b6c0-4d02-bcc1-3ef9cce5b71e,FAIL96721785,cash_shortfall,Bank account frozen or restricted,buyer,322,40071.89,2024-12-04,0,active,,,,False,True,2024-12-04T08:11:00
a4e6b1ed-f65c-4f66-b1d0-3593fb2e96c2,03c56919-7d98-4646-ac5d-b6b48089f86a,531ac4a8-7622-42d4-8384-e8452b9b31d5,FAIL55702751,operational,Cut-off time missed,seller,770,180392.99,2024-04-16,1,active,,,,False,True,2024-04-16T14:45:00
fd21fcbe-058d-415e-b289-09548b3ab235,5cb896e5-32e3-4e49-bd76-3134cd1deeec,0a961bd0-d266-4258-b9d4-5a4f6a61bb21,FAIL90490654,operational,Missing or invalid SSI data,seller,724,73653.75,2024-09-11,2,active,,,,False,True,2024-09-11T12:00:00
2bd18d5e-10a6-4c08-8f3f-0586744d18cf,4b519769-9462-4134-ae4a-d28182e7b680,88c38acb-d4f3-48b3-adb5-17bc7d6c4af8,FAIL48339920,operational,Matching failed between counterparties,intermediary,412188,1292126185.45,2024-05-07,5,active,,,,True,True,2024-05-07T13:46:00
3d24d316-17f7-4c47-a02c-f777707d517b,6429d992-81dc-469f-ad58-de842ee75bf5,88adb310-99df-4af8-9d32-a1c6efc27fe8,FAIL72474755,operational,Incorrect settlement instructions,buyer,181,25220.3,2024-11-11,3,resolved,Forced close-out by clearinghouse,2024-11-14,,False,True,2024-11-11T16:49:00
b96b1d99-7a7e-447c-a4dd-95307990d7f1,67daf640-d8f6-458d-9ce2-1b6414b65294,621d289e-126a-40a7-84fe-86125e7381d0,FAIL69584335,insufficient_securities,Corporate action pending on securities,buyer,884,99025.87,2024-11-01,3,resolved,Manual intervention and correction,2024-11-04,,False,True,2024-11-01T08:50:00
3b14c448-dcfd-4759-9aca-c55a0d8dfc01,aa3bec24-c3ac-437d-965a-522d207b30b2,729f90b4-0b0c-43fc-8528-8c2df43f3a4b,FAIL20774925,operational,Matching failed between counterparties,buyer,267663,130119577.38,2024-07-11,5,resolved,Cash settled by buyer,2024-07-16,,False,True,2024-07-11T18:28:00
58b22d3b-4ef0-4523-bca3-8f22688af183,917f08ef-74f0-4028-a1d3-fdc8dbf24b08,e6403ebd-b4ed-43de-8666-d7b33cde827e,FAIL33729042,other,Counterparty dispute,intermediary,404,92163.59,2024-05-13,6,active,,,,False,True,2024-05-13T18:30:00
22e0189e-a97b-44ea-9d55-1a990e34df40,8306ae27-93ec-494a-ab73-b207a3fb1a2f,573a1695-54db-43d0-bd2c-99a768698a9e,FAIL84326331,cash_shortfall,Bank account frozen or restricted,seller,725,156907.14,2024-02-06,0,resolved,Buy-in executed in market,2024-02-06,,False,True,2024-02-06T09:52:00
223743eb-350c-468a-bd63-4af53f14f1cc,9a1e6646-9748-4bd3-93cf-31cee3033fc6,97ab23a7-c0ac-4054-a07b-dc10f9a3f172,FAIL30921814,operational,Missing or invalid SSI data,seller,337,167876.64,2024-03-06,0,resolved,Securities delivered by seller,2024-03-06,,False,True,2024-03-06T10:15:00
9afea6b7-7e80-408e-a7b8-a45e1f2a3512,c073eab1-4474-4b4c-9a7a-23a272f04e5e,fe330e45-18ae-4292-9dd1-188565e08522,FAIL94449730,insufficient_securities,Seller does not have securities in custody,buyer,166815,27632821.47,2024-03-26,3,active,,,,False,True,2024-03-26T15:40:00
84aae72c-273b-42ae-9533-942217bcfbcf,526660a3-c9ab-4926-846b-5f5d688d20e7,2a5dc61c-2edf-47cb-b7f1-0b54e304879d,FAIL75269328,cash_shortfall,Payment system unavailable,buyer,108,16671.71,2024-03-05,1,active,,,,False,True,2024-03-05T09:34:00
900b8500-304f-4872-a0e2-840407ef865c,8538a372-499b-466a-a2b1-a40cbb6ef3e6,705a21ed-8600-476e-9456-08270bc29fa6,FAIL95330116,insufficient_securities,Securities pledged or encumbered,buyer,373712,7236816.59,2024-04-03,1,active,,,,False,True,2024-04-03T16:46:00
feb32323-1f9f-48cd-9ea1-61a506ee226a,db801341-c874-4488-accb-e9bf96b784d9,056cc667-ac9b-4422-88a5-0310e431ee35,FAIL21157038,insufficient_securities,Account restrictions preventing delivery,seller,950,670203.54,2024-05-09,1,resolved,Cash settled by buyer,2024-05-10,,False,True,2024-05-09T12:54:00
e3a4209e-2fce-46aa-a5a6-4d8bf55e8db2,0de24f38-0d76-4f76-9671-48dd6180e718,1d956ff4-8fe9-410d-a451-3c2bf27c94e1,FAIL42862031,insufficient_securities,Corporate action pending on securities,seller,501,139228.0,2024-12-13,0,active,,,,False,True,2024-12-13T15:53:00
139a6275-4c81-4f27-966c-a86c21f9b44e,dc2bb35a-7199-4e3f-b4c0-94646372e4a2,2a90b614-ffcc-4f3e-8721-e2eba281401d,FAIL37807105,insufficient_securities,Securities pledged or encumbered,buyer,113570,29864767.2,2024-03-20,1,resolved,Cash settled by buyer,2024-03-21,,False,True,2024-03-20T10:16:00
833ef5a5-c8e4-4b23-a47a-e130205f2e30,124d5c29-3bc4-431e-a1eb-337d4f67261d,6263c41a-e80a-4835-be57-a3e2d0dd970c,FAIL92222559,cash_shortfall,Currency conversion failed,seller,726,119138.17,2024-06-24,8,resolved,Trade cancelled by mutual agreement,2024-07-02,,False,True,2024-06-24T11:08:00
c6c96a0a-f4f9-46db-9de4-a79d5d05f6c2,0afcd5f4-21d3-448e-addd-ed9a16340695,6487ece1-24c7-4057-bf59-88b7d6a1cc18,FAIL65396292,other,Market suspension,seller,159588,43798650.6,2024-02-22,1,resolved,Forced close-out by clearinghouse,2024-02-23,,False,True,2024-02-22T13:36:00
8758d0a4-57ed-4337-b5e6-4f3de6e8285c,bac15ce6-2b05-4acd-815b-51c9524c7b6f,2494827b-8311-4a6c-aed3-3206ad59fecb,FAIL22649696,insufficient_securities,Corporate action pending on securities,seller,974,324277.94,2024-05-08,19,active,,,,False,True,2024-05-08T09:49:00
303a044b-82ab-479c-99f2-b7c0bf5fe02d,d5715816-d40d-4404-b379-871d8d1c1cc5,4cf6a1ed-9daa-4c12-b13e-c653a3fad7f0,FAIL67441199,insufficient_securities,Seller does not have securities in custody,seller,751,240964.18,2024-11-05,10,active,,,,False,True,2024-11-05T14:18:00
163ecd31-475b-4045-a029-5f13d433d9c5,851d36e0-8326-4811-9c32-b1f5627e820d,f68fb465-26f6-4c78-ba0d-18ae866eb4d6,FAIL59499531,insufficient_securities,Securities in transfer between accounts,buyer,336,84832.82,2024-07-31,14,buy_in_initiated,Buy-in executed in market,2024-08-14,,False,True,2024-07-31T09:51:00
12cbf28e-2383-438e-8c12-6333bac87c62,8c9cc80a-c0c8-4689-93ed-3a878788d661,338bcb7f-4297-44aa-b9a1-9544d6ab7ff6,FAIL39609418,insufficient_securities,Securities pledged or encumbered,seller,91729,14631980.38,2024-11-07,41,closed_out,Forced close-out by clearinghouse,2024-12-18,2024-11-28,False,True,2024-11-07T11:31:00
abcd3458-17e8-4568-b9b0-45cce012b54b,f0d6dcce-016c-4fb8-97a0-dedb9b49dc69,b5471570-d564-4cd2-9488-aea0eda4fbf0,FAIL44920461,other,Force majeure event,seller,951,147383.67,2024-04-30,3,resolved,Trade cancelled by mutual agreement,2024-05-03,,False,True,2024-04-30T16:28:00
4a5f9882-84cb-4825-86d2-cfd6f95e9be9,5fd0b216-f42f-48a9-bf83-db6b44248fb0,79267b95-d179-46f8-9dda-c5eb619dce43,FAIL87545140,cash_shortfall,Currency conversion failed,seller,779,106521.2,2024-04-10,1,active,,,,False,True,2024-04-10T12:45:00
c311a31b-63f8-4888-b1eb-9b00a0f153c1,08251137-371e-4e64-927e-a4b8646758fb,d860b562-08e4-4f93-bc59-e34a0309f2f6,FAIL10780283,insufficient_securities,Seller does not have securities in custody,buyer,427,73221.46,2024-05-30,3,resolved,Custody transfer completed,2024-06-02,,False,True,2024-05-30T14:37:00
d9c4b430-8c74-4a4e-9921-842b21fefc8c,42076548-bd4a-4925-835f-85759b036e40,b22303f3-f51a-4823-9531-26513159fe64,FAIL24744772,insufficient_securities,Account restrictions preventing delivery,seller,836,120826.44,2024-09-16,3,resolved,Custody transfer completed,2024-09-19,,False,True,2024-09-16T10:52:00
1724908c-b59c-4cd1-bf8f-5aa83373568d,32f5c40b-75fc-4d3c-9076-6b0cdae54c53,3f99700f-c7b6-47e8-82c9-7d1b23b2a5a7,FAIL90165167,operational,Manual intervention required,seller,590,190780.16,2024-01-09,7,resolved,Buy-in executed in market,2024-01-16,,False,True,2024-01-09T11:47:00
905b14b2-f261-4968-a84c-0b30fba7f0ad,ee73713b-09ba-4be8-9265-f7d332fc3e02,50e3cbd3-dc90-4770-bd81-dcf5ca94472b,FAIL46143610,insufficient_securities,Seller does not have securities in custody,buyer,183,1652030.98,2024-05-27,8,resolved,Instruction corrected and resubmitted,2024-06-04,,False,True,2024-05-27T10:04:00
0a16ea47-632d-48bc-8239-6c1bca7afcec,1234f0bb-04fd-438b-9cef-b89a34ad9283,e6159b6f-d03f-4d98-8c64-269e6d2c749e,FAIL29776212,insufficient_securities,Seller does not have securities in custody,buyer,494,76885.52,2024-08-16,2,resolved,Buy-in executed in market,2024-08-18,,False,True,2024-08-16T11:18:00
60e036a1-2045-43bd-9174-1fa5f8db855a,b471d3a2-4b17-49e0-8f3b-72a5258f35bc,2bfe1eac-d62f-42fb-9f3c-a0de13c54681,FAIL56290206,custody,Beneficiary account invalid,seller,346,51922.68,2024-11-07,11,active,,,,False,True,2024-11-07T15:46:00
a8622f8a-afc3-46ed-b8e2-9f9f55091452,d909c8c6-cd99-45f4-95c6-c2721720b299,c9246830-27d6-4304-8e0d-b09818fdad6c,FAIL71599960,cash_shortfall,Credit limit exceeded,seller,231,110460.14,2024-12-16,2,resolved,Securities delivered by seller,2024-12-18,,False,True,2024-12-16T08:13:00
a55689ad-f40c-459c-879d-fb0320adfc8a,eecef5f4-9700-4ca4-b235-d56d56fcea54,d8279242-cb80-49b2-beda-e94e2e7e66be,FAIL84558024,insufficient_securities,Account restrictions preventing delivery,seller,981,659023.25,2024-11-01,0,active,,,,False,True,2024-11-01T18:53:00
b059beb2-b431-4508-aaec-5089ba05cc31,40b311df-fe42-46a8-b4d0-7e1ea63ccd86,ac7f8b3f-0d67-4d60-8c17-a16e5d05f711,FAIL52500868,custody,Custody transfer pending,seller,226921,99924846.47,2024-02-12,1,resolved,Instruction corrected and resubmitted,2024-02-13,,False,True,2024-02-12T09:45:00
15788a39-a648-4f80-9f82-36331eb98d42,e655d82c-6d4e-4df6-836a-a5a27c3f1766,e45b4307-a44b-4fe7-be39-b134c1088cf4,FAIL64626097,custody,Beneficiary account invalid,seller,70182,11967795.5,2024-03-13,4,active,,,,False,True,2024-03-13T18:14:00
1d77f7b2-73cc-4475-915a-4b65bd76d19f,ae8754f8-d772-41fc-90b2-ac31d864199e,4193bc25-f642-497a-a463-24c9f7a2b1d3,FAIL13632821,operational,Matching failed between counterparties,seller,453,145045.22,2024-06-13,0,resolved,Buy-in executed in market,2024-06-13,,False,True,2024-06-13T08:57:00
032674c1-7fe4-4afb-b06c-6dce96e1d1a4,6fbed09c-e25b-4301-9529-0cb031fc6fea,4be10091-c08f-44d7-a5e9-0e5adb6159cb,FAIL82898620,custody,Custodian system issue,buyer,127,291178.0,2024-04-09,13,resolved,Instruction corrected and resubmitted,2024-04-22,,False,True,2024-04-09T11:13:00
b4eb3e95-7845-4418-9f91-8848cec16ab6,4ea36bbd-559c-49fe-9334-e66cd0bf2b3f,03d7e0b2-76bd-4ee6-8101-165cc48af0b2,FAIL78385115,other,Legal dispute pending,seller,19,5836.65,2024-06-18,3,active,,,,False,True,2024-06-18T10:44:00
806ff557-da8f-4174-b033-3ea298fef114,db0aa823-94cb-45af-b948-3dc695621df4,b537370e-f9bf-430a-88f7-3f3cb6524f4b,FAIL11171326,cash_shortfall,Bank account frozen or restricted,seller,451,111310.08,2024-08-09,0,resolved,Trade cancelled by mutual agreement,2024-08-09,,False,True,2024-08-09T13:40:00
b52caaf4-def1-4a5f-8a37-36d102d4fc07,94daeb62-df85-4894-8193-98292d5e76b7,bc6b4219-b3ca-416d-91a2-a1e27cfe6562,FAIL85469454,operational,Matching failed between counterparties,intermediary,761,136464.06,2024-12-26,20,active,,,,False,True,2024-12-26T13:58:00
a4385f93-fb67-4428-a568-30a7b8322ece,0e4ad360-f5a4-4ba2-ae16-9d4b08436d60,1e04196d-a96c-44fc-acf4-4394bb315df4,FAIL35205716,cash_shortfall,Currency conversion failed,seller,707,184674.83,2024-11-18,4,active,,,,False,True,2024-11-18T10:16:00
ff2a701e-3240-4b9f-8da1-e44e85def55c,76d02b21-c9aa-4288-9bb2-393ce529d53a,d71b9bd7-dccc-4030-95f8-0a4a06fcfaff,FAIL20394529,cash_shortfall,Buyer insufficient funds in settlement account,seller,609,140990.81,2024-01-18,14,resolved,Securities delivered by seller,2024-02-01,,False,True,2024-01-18T09:57:00
f4601e0f-afdf-4d98-9ad6-491057bd853a,012eaa2f-e5c6-416e-bab3-656e5b6850ce,718a098d-34ab-4762-8e92-91f3a933a798,FAIL82597478,insufficient_securities,Securities in transfer between accounts,seller,645,2456482.32,2024-06-03,2,resolved,Securities delivered by seller,2024-06-05,,False,True,2024-06-03T08:13:00
d9914ca4-d95d-4ed2-a838-03dc6be00d2e,ca36d66b-7ac9-4ff2-a97f-064d41969a1d,e5986c99-32ca-41bb-b266-dcc478f6af3a,FAIL44263221,other,Market suspension,seller,134,94393.17,2024-12-27,9,active,,,,False,True,2024-12-27T18:04:00
c59d5ab1-21e5-404f-9730-69870a2be864,828a1cd7-6670-42d2-8c20-9ce7fc5c3d2c,fcd7a47d-ba21-42fd-b213-6435ef094b54,FAIL61668735,insufficient_securities,Seller does not have securities in custody,buyer,653,161014.37,2024-01-05,0,active,,,,False,True,2024-01-05T16:21:00
c42729c7-1e67-4e5a-9d81-e5cb4c6f6f11,bc128295-8fbe-468d-8dce-7a8dc41773c4,3d134500-cd42-4192-aa1a-f15ce80de92e,FAIL46834775,insufficient_securities,Securities pledged or encumbered,seller,941,268796.75,2024-05-15,5,resolved,Cash settled by buyer,2024-05-20,,False,True,2024-05-15T16:41:00
dff12ac8-5a4b-44f8-8a3f-34ea2ec82772,3242c5ee-91e0-4a5a-91cc-f760276d2894,17f67806-76b2-4680-8eb4-e9f00ba56969,FAIL15645571,insufficient_securities,Corporate action pending on securities,buyer,866,230716.3,2024-01-10,2,resolved,Manual intervention and correction,2024-01-12,,False,True,2024-01-10T17:40:00
bd2d163b-4095-4be0-8f62-35e7ea6631a1,655586ce-c089-475e-bbb0-4961dbdc47ac,9244766b-addb-4692-bb0a-264f4711c5a5,FAIL70046150,insufficient_securities,Securities in transfer between accounts,seller,428,3603851.88,2024-05-23,2,active,,,,False,True,2024-05-23T09:31:00
fbb40633-2e7b-463e-8f73-02514f586e8d,1f77827c-b493-4391-a4ab-2929a3f2700c,750c5ba6-2682-46b5-a1f1-c44e5387289f,FAIL72087735,operational,Manual intervention required,seller,91,2745.34,2024-07-08,0,active,,,,False,True,2024-07-08T18:06:00
4e09d69e-bc3a-4e65-a106-7916e68da3f8,9b852f2d-62de-47ed-9168-0a510bff1ac6,44f853cf-3efb-446d-bacb-81519106779a,FAIL68509729,cash_shortfall,Currency conversion failed,seller,942,200848.59,2024-05-29,1,resolved,Cash settled by buyer,2024-05-30,,False,True,2024-05-29T09:06:00
32a57319-6778-48bc-9f75-64e5ec1611f3,a1838dfb-2f61-45f1-aced-ba6cfe55ba74,79613048-27cf-483e-8f9a-4704e106a584,FAIL86336362,insufficient_securities,Securities in transfer between accounts,buyer,144,22327.29,2024-04-22,3,active,,,,False,True,2024-04-22T17:30:00
ed347d88-77e5-42b8-bf0e-195559198d74,11cbade0-7110-4296-8c4f-8284572a489e,be7396ff-8ba6-4295-9a5d-2f542d09f321,FAIL65542411,operational,Manual intervention required,seller,439,178062.51,2024-12-06,1,resolved,Buy-in executed in market,2024-12-07,,False,True,2024-12-06T09:30:00
e04015fd-35ff-473c-9c73-5abc3ae2b2df,00d24467-2523-4680-9ee0-32966f05190a,4ef2c733-87b2-4438-bc9f-d693bf7360d5,FAIL44303825,custody,Account closure in progress,intermediary,639,20317.71,2024-03-27,1,active,,,,False,True,2024-03-27T13:41:00
0a409221-8ad2-48a1-bbd6-6c92af4f114b,cf3479dc-c582-4e20-a5c6-55c2335cddd9,32505322-eab4-4de7-acaa-fe14bd9af9a0,FAIL83206688,cash_shortfall,Currency conversion failed,seller,493,72826.46,2024-03-27,2,resolved,Buy-in executed in market,2024-03-29,,False,True,2024-03-27T13:15:00
a0dc7bdc-2a5e-421c-b2c6-6557c565b043,54c5519b-733c-4074-ad1e-06608fb86c11,1cd5aff5-1658-4e17-b895-ac8cd6bf33ea,FAIL78340964,insufficient_securities,Securities pledged or encumbered,buyer,386,4869.25,2024-05-13,58,buy_in_initiated,Buy-in executed in market,2024-07-10,2024-06-03,False,True,2024-05-13T10:18:00
5e011733-9da3-471d-96fe-24fdb5b4ddc6,c980549b-93c6-49cd-8afc-b0c8e02ed403,453ed5bd-c7d2-41a6-9f6b-7a64fbfea8c0,FAIL54983217,insufficient_securities,Securities in transfer between accounts,buyer,999,690491.89,2024-09-03,4,resolved,Forced close-out by clearinghouse,2024-09-07,,False,True,2024-09-03T16:02:00
f85d0749-13dc-4d47-8ec2-64486d3c0907,fc5aa663-68c9-44e6-99ca-a8cfb43ef98b,d48b44e6-8651-471a-82ec-5693e209646d,FAIL83558429,insufficient_securities,Corporate action pending on securities,buyer,54,3387.07,2024-05-22,2,resolved,Trade cancelled by mutual agreement,2024-05-24,,False,True,2024-05-22T15:38:00
c856e65b-f8bd-4194-84fa-b47f82323768,03c6c092-c1ae-4d02-aff0-0e886a222d50,bcbd2884-1cdd-42fb-a2e4-1104e8d6664b,FAIL79180976,custody,Securities in wrong custodian account,seller,39385,10006985.7,2024-05-23,4,active,,,,False,True,2024-05-23T13:13:00
e05cecc3-15e1-4722-896d-622c0999880a,f784679c-36a2-49b0-b82d-7715834028f3,6eee7d61-2419-44b8-a5ba-44e1d65d9e00,FAIL44231730,insufficient_securities,Securities in transfer between accounts,seller,937,30368.18,2024-01-09,3,resolved,Manual intervention and correction,2024-01-12,,False,True,2024-01-09T13:04:00
b08c3d4b-2c04-4736-a737-b08765153962,d1d5c5c5-635d-43a8-9a21-f873588d0f48,1c04ae2f-9b3e-42a2-9f33-07bea6e96e21,FAIL50241725,cash_shortfall,Buyer insufficient funds in settlement account,buyer,325,105772.07,2024-03-11,1,resolved,Custody transfer completed,2024-03-12,,False,True,2024-03-11T14:06:00
38f6e73c-f359-4b4e-8b64-2f588cf878c3,0c7b53c6-3312-4133-a944-b5b94a753ef3,9183a58c-b738-4bdf-83dd-75e0c1eb78b5,FAIL81829418,other,Regulatory hold on securities,seller,365,125426.52,2024-04-17,1,resolved,Securities delivered by seller,2024-04-18,,False,True,2024-04-17T17:59:00
517e0431-6072-4aad-82f3-6a1662647920,fa55fec4-ca01-460f-af15-b67617ffacf8,5079ff17-d020-4ce0-a30c-5ac936f180b2,FAIL74931883,cash_shortfall,Buyer insufficient funds in settlement account,buyer,230717,71344480.33,2024-10-23,10,resolved,Buy-in executed in market,2024-11-02,,False,True,2024-10-23T15:30:00
32754e63-4de5-4e9e-8ed9-c5548b860f1e,b17d6adb-f034-4388-96b8-66fa6b6b1288,3a6c97d7-66fb-43cd-b07b-51f999b48f96,FAIL27216331,cash_shortfall,Buyer insufficient funds in settlement account,seller,573,54795.36,2024-08-30,2,active,,,,False,True,2024-08-30T15:41:00
e5726e02-1254-4502-8410-ae6f960ad8c2,a22fea77-b6bf-4d2a-b286-60eecc929f8e,d2cd432b-25e0-4206-8da2-8109ddafd1e7,FAIL21132580,cash_shortfall,Bank account frozen or restricted,buyer,240,22594.72,2024-02-06,0,active,,,,False,True,2024-02-06T10:04:00
da3c39b5-1024-4d8d-8aec-293049d1b7dc,dd3e08de-0469-44d2-9d05-024ae8e6bbf2,a33b8150-5ca2-4e91-93a8-561b6f6a4bc8,FAIL49621513,insufficient_securities,Securities pledged or encumbered,buyer,95,8912.84,2024-07-10,6,active,,,,False,True,2024-07-10T18:18:00
847e9d52-a3a8-4726-9057-677fd385148b,8b610ac3-c23f-48aa-abb5-0ea155e416ec,0d0639e0-134e-455b-942b-9875944c955b,FAIL73035498,cash_shortfall,Buyer insufficient funds in settlement account,buyer,402,67098.62,2024-08-06,3,resolved,Forced close-out by clearinghouse,2024-08-09,,False,True,2024-08-06T09:48:00
cfc9698e-4d7a-486c-83a8-9f7488e58e80,8ef2c6b2-fa50-409c-98a4-2bcf8591bc6c,6ec77434-de53-4221-923a-e2eba27dc878,FAIL24540669,cash_shortfall,Bank account frozen or restricted,buyer,623,161521.6,2024-01-16,20,resolved,Forced close-out by clearinghouse,2024-02-05,,False,True,2024-01-16T14:23:00
17deb07b-ed2f-4ca1-b1a4-7f1419003eab,a4e1891b-49a2-4bbd-8a44-68a71ec3e677,541cdbb3-3794-41db-8ec8-241ee85e9e61,FAIL91504474,operational,Manual intervention required,seller,710,494978.66,2024-09-18,3,resolved,Securities delivered by seller,2024-09-21,,False,True,2024-09-18T17:46:00
163dbe35-bc10-4571-845c-fc6743f6d1ce,a78b53db-5c7d-447b-a123-1db750e2ce7f,d3d11b0d-8869-4ae2-b0ba-39ec60001a0a,FAIL92542998,operational,Matching failed between counterparties,intermediary,459,118913.13,2024-05-30,2,active,,,,False,True,2024-05-30T13:09:00
d162ad57-519e-45d1-b023-ce019c22c19c,ff1dc999-a6ea-4a89-95ee-c31c79a65aaf,4433e775-ef9a-4e6b-acd3-a22af90bd7c9,FAIL36343807,insufficient_securities,Corporate action pending on securities,buyer,189,17771.26,2024-06-25,17,resolved,Custody transfer completed,2024-07-12,,False,True,2024-06-25T15:39:00
ab753dae-62af-4bf1-91e4-f704f8a8a46b,db35e537-0857-4426-89c5-d59ae9311c62,6dfdbd55-f432-4a04-ad51-86cc3cb48655,FAIL42732649,insufficient_securities,Securities pledged or encumbered,buyer,110,34454.7,2024-06-13,0,resolved,Instruction corrected and resubmitted,2024-06-13,,False,True,2024-06-13T17:45:00
70d32a94-fda9-414b-a370-f570b887a294,cdc4aa06-0b2a-405c-8f2e-0a06eecc8d18,e478621f-b4d1-41af-ab6b-b97ecfec3b86,FAIL66550416,insufficient_securities,Seller does not have securities in custody,buyer,650,261106.48,2024-04-04,2,resolved,Manual intervention and correction,2024-04-06,,False,True,2024-04-04T08:48:00
c78530c5-de4c-4809-ad74-acc51d94f726,9e0b4317-c428-4cbf-8589-0a96d43ba1ce,8490d1c4-5fe8-458d-999b-ec9927decdd1,FAIL54124481,insufficient_securities,Securities in transfer between accounts,buyer,808,7123377.51,2024-05-16,8,active,,,,False,True,2024-05-16T08:47:00
76db5d99-8b10-45f8-a808-8133a04628f4,35bacb2e-1e7b-4a81-bc14-5c9da638a57a,2d9ae46b-465c-4e5f-b514-63efda4db1cf,FAIL14124511,operational,System outage during settlement window,buyer,113,34423.9,2024-10-03,5,active,,,,False,True,2024-10-03T16:02:00
1c145712-8447-40c5-ade4-02c5f48e839a,fad9a13b-d82c-4d29-98e3-f779d35df538,a56405a6-1e53-4b76-8868-2db02a35ffe8,FAIL55132604,insufficient_securities,Corporate action pending on securities,seller,198,60971.79,2024-04-12,1,resolved,Forced close-out by clearinghouse,2024-04-13,,False,True,2024-04-12T17:29:00
20abaf93-46f1-4059-aa45-11e4729b2a89,3c2ef48a-c866-4ff1-a701-a4ddf9f53f6a,4cc013f4-7a15-41c1-83f6-aa931480e1db,FAIL21980116,custody,Custody transfer pending,buyer,325,70849.3,2024-11-05,1,active,,,,False,True,2024-11-05T17:11:00
c55633de-76d0-433c-b7d2-9a57f499f468,2ab11587-a0fb-4d43-b9d6-1a5d57c4950e,2aed1678-84fd-47eb-a39c-40d9bda4e310,FAIL42543232,insufficient_securities,Account restrictions preventing delivery,buyer,497,207385.69,2024-03-07,0,resolved,Trade cancelled by mutual agreement,2024-03-07,,False,True,2024-03-07T16:59:00
d803fc83-22bd-415b-bfb2-ca6fce60a369,91d555f0-f778-462f-aeee-8721e7c3cfee,24b8c0aa-fec1-48f1-a91d-61bfe9cbef07,FAIL13079725,cash_shortfall,Bank account frozen or restricted,seller,681,641337.5,2024-06-25,14,buy_in_initiated,Buy-in executed in market,2024-07-09,,False,True,2024-06-25T11:05:00
c74bca86-933d-42f7-886f-cd8a1f808480,75ad15dd-5f3f-4722-89d2-007986d18de5,1312d5a4-9b71-4c51-a730-c4ce83869a6c,FAIL29629704,custody,Beneficiary account invalid,seller,597,116920.59,2024-07-24,7,active,,,,False,True,2024-07-24T16:09:00
a90fb4c6-61c5-4aa8-91b9-c03bc8329dce,eb19acb2-e8e0-46dd-a3e7-5261e4f48fb6,120911e9-8a9e-474f-bd75-32bdb442fc85,FAIL99900450,insufficient_securities,Account restrictions preventing delivery,seller,953,888265.66,2024-06-03,1,resolved,Forced close-out by clearinghouse,2024-06-04,,False,True,2024-06-03T10:18:00
397d280f-f98c-49c2-bd7c-ce861645f8df,a94fec4e-cf89-417b-ba2c-9c6d69ffcb9f,dd6b0cc0-4b69-440a-80d5-ec2f8c44d698,FAIL12790536,insufficient_securities,Seller does not have securities in custody,seller,571,237524.82,2024-09-11,9,resolved,Buy-in executed in market,2024-09-20,,False,True,2024-09-11T16:25:00
